<?xml version="1.0" encoding="UTF-8"?>
<config xmlns="http://www.knime.org/2008/09/XMLConfig" xmlns:xsi="http://www.w3.org/2001/XMLSchema-instance" xsi:schemaLocation="http://www.knime.org/2008/09/XMLConfig http://www.knime.org/XMLConfig_2008_09.xsd" key="model.xml">
<entry key="version" type="xint" value="1"/>
<entry key="class_name" type="xstring" value="org.knime.base.data.normalize.NormalizerPortObject"/>
<config key="model">
<config key="columns">
<config key="mcg">
<entry key="column_name" type="xstring" value="mcg"/>
<entry key="column_scale" type="xdouble" value="7.283358306725068"/>
<entry key="column_translate" type="xdouble" value="-3.642562579572241"/>
<entry key="column_min" type="xdouble" value="NaN"/>
<entry key="column_max" type="xdouble" value="NaN"/>
</config>
<config key="gvh">
<entry key="column_name" type="xstring" value="gvh"/>
<entry key="column_scale" type="xdouble" value="8.069439202513836"/>
<entry key="column_translate" type="xdouble" value="-4.034175838507423"/>
<entry key="column_min" type="xdouble" value="NaN"/>
<entry key="column_max" type="xdouble" value="NaN"/>
</config>
<config key="alm">
<entry key="column_name" type="xstring" value="alm"/>
<entry key="column_scale" type="xdouble" value="11.537984792324949"/>
<entry key="column_translate" type="xdouble" value="-5.769381142280809"/>
<entry key="column_min" type="xdouble" value="NaN"/>
<entry key="column_max" type="xdouble" value="NaN"/>
</config>
<config key="mit">
<entry key="column_name" type="xstring" value="mit"/>
<entry key="column_scale" type="xdouble" value="7.294072067310989"/>
<entry key="column_translate" type="xdouble" value="-1.905109389009254"/>
<entry key="column_min" type="xdouble" value="NaN"/>
<entry key="column_max" type="xdouble" value="NaN"/>
</config>
<config key="vac">
<entry key="column_name" type="xstring" value="vac"/>
<entry key="column_scale" type="xdouble" value="17.302059904801403"/>
<entry key="column_translate" type="xdouble" value="-8.649047910497844"/>
<entry key="column_min" type="xdouble" value="NaN"/>
<entry key="column_max" type="xdouble" value="NaN"/>
</config>
<config key="nuc">
<entry key="column_name" type="xstring" value="nuc"/>
<entry key="column_scale" type="xdouble" value="9.390506520449103"/>
<entry key="column_translate" type="xdouble" value="-2.593652838680378"/>
<entry key="column_min" type="xdouble" value="NaN"/>
<entry key="column_max" type="xdouble" value="NaN"/>
</config>
</config>
<entry key="summary" type="xstring" value="Z-Score (Gaussian) normalization on 6 column(s)"/>
</config>
</config>
