<?xml version="1.0" encoding="UTF-8"?>
<config xmlns="http://www.knime.org/2008/09/XMLConfig" xmlns:xsi="http://www.w3.org/2001/XMLSchema-instance" xsi:schemaLocation="http://www.knime.org/2008/09/XMLConfig http://www.knime.org/XMLConfig_2008_09.xsd" key="model.xml">
<entry key="version" type="xint" value="1"/>
<entry key="class_name" type="xstring" value="org.knime.base.data.normalize.NormalizerPortObject"/>
<config key="model">
<config key="columns">
<config key="mcg">
<entry key="column_name" type="xstring" value="mcg"/>
<entry key="column_scale" type="xdouble" value="1.1235955056179776"/>
<entry key="column_translate" type="xdouble" value="-0.12359550561797754"/>
<entry key="column_min" type="xdouble" value="0.0"/>
<entry key="column_max" type="xdouble" value="1.0"/>
</config>
<config key="gvh">
<entry key="column_name" type="xstring" value="gvh"/>
<entry key="column_scale" type="xdouble" value="1.234567901234568"/>
<entry key="column_translate" type="xdouble" value="-0.16049382716049385"/>
<entry key="column_min" type="xdouble" value="0.0"/>
<entry key="column_max" type="xdouble" value="1.0"/>
</config>
<config key="alm">
<entry key="column_name" type="xstring" value="alm"/>
<entry key="column_scale" type="xdouble" value="1.2658227848101264"/>
<entry key="column_translate" type="xdouble" value="-0.26582278481012656"/>
<entry key="column_min" type="xdouble" value="0.0"/>
<entry key="column_max" type="xdouble" value="1.0"/>
</config>
<config key="mit">
<entry key="column_name" type="xstring" value="mit"/>
<entry key="column_scale" type="xdouble" value="1.0"/>
<entry key="column_translate" type="xdouble" value="0.0"/>
<entry key="column_min" type="xdouble" value="0.0"/>
<entry key="column_max" type="xdouble" value="1.0"/>
</config>
<config key="vac">
<entry key="column_name" type="xstring" value="vac"/>
<entry key="column_scale" type="xdouble" value="1.36986301369863"/>
<entry key="column_translate" type="xdouble" value="0.0"/>
<entry key="column_min" type="xdouble" value="0.0"/>
<entry key="column_max" type="xdouble" value="1.0"/>
</config>
<config key="nuc">
<entry key="column_name" type="xstring" value="nuc"/>
<entry key="column_scale" type="xdouble" value="1.0"/>
<entry key="column_translate" type="xdouble" value="0.0"/>
<entry key="column_min" type="xdouble" value="0.0"/>
<entry key="column_max" type="xdouble" value="1.0"/>
</config>
</config>
<entry key="summary" type="xstring" value="Min/Max (0.0, 1) normalization on 6 column(s)"/>
</config>
</config>
